{
  "method": "CPA_GBM_M0",
  "setting": "ood",
  "macro_avg": {
    "r2score": 0.0,
    "r2score_de": 0.0,
    "pearson": 0.8641347885131836,
    "pearson_de": 0.0,
    "mse": 0.19528287649154663,
    "mse_de": 3.73525813301967e-06,
    "pearson_delta": 0.0,
    "pearson_delta_de": 0.6926275491714478,
    "sinkhorn_de": 0.004273554310202599,
    "n_valid_groups": 1,
    "skipped": {
      "treated_too_few": 0,
      "dmso_control": 0,
      "deg_missing": 0,
      "deg_too_few": 0,
      "ctrl_too_few": 0
    }
  },
  "per_group": {
    "PW034_Panobinostat": {
      "r2score": 0.0,
      "r2score_de": 0.0,
      "pearson": 0.8641347885131836,
      "pearson_de": 0,
      "mse": 0.19528287649154663,
      "mse_de": 3.73525813301967e-06,
      "pearson_delta": 0,
      "pearson_delta_de": 0.6926275491714478,
      "sinkhorn_de": 0.004273554310202599,
      "n_treated": 2679,
      "n_ctrl": 15288,
      "n_pred": 15288
    }
  }
}