recon_loss,KL,disnt_basal,disnt_after,r2_mean,r2_var,adv_loss,penalty_adv,adv_perts,acc_perts,penalty_perts,adv_cell_type,penalty_cell_type,acc_cell_type,epoch,mode
7363.068492542614,0.0,0.6653329073777919,0.9866708880761664,0.13826108599516504,0.30796561674594264,0.0,0.0,0.0,0.0,0.0,0.0,0.0,0.0,0,valid
8400.288338496768,0.0,0.0,0.0,0.03337182449023286,0.30962354789013696,6.364247530356221,0.7594237102131391,5.032731204197325,0.006303261064298065,0.6693122593549498,1.3315163213631203,0.09011144993890977,0.6358108299559561,0,train
