{
  "method": "CPA_M4_MolFormer",
  "legacy_space": "counts",
  "eval_space": "log1p",
  "macro_avg": {
    "pearson": 0.9328455146925884,
    "mse": 0.00612169905003194,
    "r2score": 0.8296997021088135,
    "pearson_delta": 0.5056822945146581,
    "pearson_de": -0.4166047420337614,
    "mse_de": 3.741223105063229e-06,
    "r2score_de": -18.211850071218038,
    "pearson_delta_de": 0.7127526537035493,
    "sinkhorn_de": 0.48910847306251526,
    "direction_accuracy_de": 0.94,
    "n_treated": 2679,
    "n_ctrl": 15288,
    "n_pred": 15288
  },
  "per_group": {
    "PW034_Panobinostat": {
      "pearson": 0.9328455146925884,
      "mse": 0.00612169905003194,
      "r2score": 0.8296997021088135,
      "pearson_delta": 0.5056822945146581,
      "pearson_de": -0.4166047420337614,
      "mse_de": 3.741223105063229e-06,
      "r2score_de": -18.211850071218038,
      "pearson_delta_de": 0.7127526537035493,
      "sinkhorn_de": 0.48910847306251526,
      "direction_accuracy_de": 0.94,
      "n_treated": 2679,
      "n_ctrl": 15288,
      "n_pred": 15288
    }
  }
}