{
  "method": "CPA_M1_scGPT",
  "legacy_space": "log1p",
  "eval_space": "log1p",
  "macro_avg": {
    "pearson": 0.920476686278595,
    "mse": 0.008023018372712541,
    "r2score": 0.77680666630414,
    "pearson_delta": -0.006971434349038697,
    "pearson_de": -0.25847940157176574,
    "mse_de": 6.087031946523016e-05,
    "r2score_de": -311.5799821375215,
    "pearson_delta_de": 0.10283605728283693,
    "sinkhorn_de": 0.49367180466651917,
    "direction_accuracy_de": 0.36,
    "n_treated": 2679,
    "n_ctrl": 15288,
    "n_pred": 15288
  },
  "per_group": {
    "PW034_Panobinostat": {
      "pearson": 0.920476686278595,
      "mse": 0.008023018372712541,
      "r2score": 0.77680666630414,
      "pearson_delta": -0.006971434349038697,
      "pearson_de": -0.25847940157176574,
      "mse_de": 6.087031946523016e-05,
      "r2score_de": -311.5799821375215,
      "pearson_delta_de": 0.10283605728283693,
      "sinkhorn_de": 0.49367180466651917,
      "direction_accuracy_de": 0.36,
      "n_treated": 2679,
      "n_ctrl": 15288,
      "n_pred": 15288
    }
  }
}