{
  "method": "CPA_M2_scGPT_ctrl",
  "legacy_space": "log1p",
  "eval_space": "log1p",
  "macro_avg": {
    "pearson": 0.9375808881376204,
    "mse": 0.006383711450060418,
    "r2score": 0.8224107469655838,
    "pearson_delta": 0.2623146782669551,
    "pearson_de": -0.08345417132759061,
    "mse_de": 9.496563007308607e-05,
    "r2score_de": -486.66550287089865,
    "pearson_delta_de": 0.11089143251919276,
    "sinkhorn_de": 0.49354785680770874,
    "direction_accuracy_de": 0.44,
    "n_treated": 2679,
    "n_ctrl": 15288,
    "n_pred": 15288
  },
  "per_group": {
    "PW034_Panobinostat": {
      "pearson": 0.9375808881376204,
      "mse": 0.006383711450060418,
      "r2score": 0.8224107469655838,
      "pearson_delta": 0.2623146782669551,
      "pearson_de": -0.08345417132759061,
      "mse_de": 9.496563007308607e-05,
      "r2score_de": -486.66550287089865,
      "pearson_delta_de": 0.11089143251919276,
      "sinkhorn_de": 0.49354785680770874,
      "direction_accuracy_de": 0.44,
      "n_treated": 2679,
      "n_ctrl": 15288,
      "n_pred": 15288
    }
  }
}