{
  "method": "MeanShiftBaseline",
  "legacy_space": "log1p",
  "eval_space": "log1p",
  "macro_avg": {
    "pearson": 0.9422562020022425,
    "mse": 0.006461249830005947,
    "r2score": 0.8202536972486992,
    "pearson_delta": 0.3764119122155881,
    "pearson_de": -0.25156878327169696,
    "mse_de": 5.402514973307669e-05,
    "r2score_de": -276.4288107390038,
    "pearson_delta_de": -0.46765926255313,
    "sinkhorn_de": 0.5003659129142761,
    "direction_accuracy_de": 0.2,
    "n_treated": 2679,
    "n_ctrl": 15288,
    "n_pred": 2679
  },
  "per_group": {
    "PW034_Panobinostat": {
      "pearson": 0.9422562020022425,
      "mse": 0.006461249830005947,
      "r2score": 0.8202536972486992,
      "pearson_delta": 0.3764119122155881,
      "pearson_de": -0.25156878327169696,
      "mse_de": 5.402514973307669e-05,
      "r2score_de": -276.4288107390038,
      "pearson_delta_de": -0.46765926255313,
      "sinkhorn_de": 0.5003659129142761,
      "direction_accuracy_de": 0.2,
      "n_treated": 2679,
      "n_ctrl": 15288,
      "n_pred": 2679
    }
  }
}