{
  "CPA_M0": {
    "method": "CPA_M0",
    "legacy_space": "counts",
    "eval_space": "log1p",
    "macro_avg": {
      "pearson": 0.9367062208475323,
      "mse": 0.005882460957497895,
      "r2score": 0.8363550959941523,
      "pearson_delta": 0.5358626551361255,
      "pearson_de": -0.36679221858598016,
      "mse_de": 3.7073952120747658e-06,
      "r2score_de": -18.03813778780997,
      "pearson_delta_de": 0.6272315740726734,
      "sinkhorn_de": 0.4890958070755005,
      "direction_accuracy_de": 0.96,
      "n_treated": 2679,
      "n_ctrl": 15288,
      "n_pred": 15288
    },
    "per_group": {
      "PW034_Panobinostat": {
        "pearson": 0.9367062208475323,
        "mse": 0.005882460957497895,
        "r2score": 0.8363550959941523,
        "pearson_delta": 0.5358626551361255,
        "pearson_de": -0.36679221858598016,
        "mse_de": 3.7073952120747658e-06,
        "r2score_de": -18.03813778780997,
        "pearson_delta_de": 0.6272315740726734,
        "sinkhorn_de": 0.4890958070755005,
        "direction_accuracy_de": 0.96,
        "n_treated": 2679,
        "n_ctrl": 15288,
        "n_pred": 15288
      }
    }
  },
  "CPA_M4_MolFormer": {
    "method": "CPA_M4_MolFormer",
    "legacy_space": "counts",
    "eval_space": "log1p",
    "macro_avg": {
      "pearson": 0.9328455146925884,
      "mse": 0.00612169905003194,
      "r2score": 0.8296997021088135,
      "pearson_delta": 0.5056822945146581,
      "pearson_de": -0.4166047420337614,
      "mse_de": 3.741223105063229e-06,
      "r2score_de": -18.211850071218038,
      "pearson_delta_de": 0.7127526537035493,
      "sinkhorn_de": 0.48910847306251526,
      "direction_accuracy_de": 0.94,
      "n_treated": 2679,
      "n_ctrl": 15288,
      "n_pred": 15288
    },
    "per_group": {
      "PW034_Panobinostat": {
        "pearson": 0.9328455146925884,
        "mse": 0.00612169905003194,
        "r2score": 0.8296997021088135,
        "pearson_delta": 0.5056822945146581,
        "pearson_de": -0.4166047420337614,
        "mse_de": 3.741223105063229e-06,
        "r2score_de": -18.211850071218038,
        "pearson_delta_de": 0.7127526537035493,
        "sinkhorn_de": 0.48910847306251526,
        "direction_accuracy_de": 0.94,
        "n_treated": 2679,
        "n_ctrl": 15288,
        "n_pred": 15288
      }
    }
  },
  "CPA_M1_scGPT": {
    "method": "CPA_M1_scGPT",
    "legacy_space": "log1p",
    "eval_space": "log1p",
    "macro_avg": {
      "pearson": 0.920476686278595,
      "mse": 0.008023018372712541,
      "r2score": 0.77680666630414,
      "pearson_delta": -0.006971434349038697,
      "pearson_de": -0.25847940157176574,
      "mse_de": 6.087031946523016e-05,
      "r2score_de": -311.5799821375215,
      "pearson_delta_de": 0.10283605728283693,
      "sinkhorn_de": 0.49367180466651917,
      "direction_accuracy_de": 0.36,
      "n_treated": 2679,
      "n_ctrl": 15288,
      "n_pred": 15288
    },
    "per_group": {
      "PW034_Panobinostat": {
        "pearson": 0.920476686278595,
        "mse": 0.008023018372712541,
        "r2score": 0.77680666630414,
        "pearson_delta": -0.006971434349038697,
        "pearson_de": -0.25847940157176574,
        "mse_de": 6.087031946523016e-05,
        "r2score_de": -311.5799821375215,
        "pearson_delta_de": 0.10283605728283693,
        "sinkhorn_de": 0.49367180466651917,
        "direction_accuracy_de": 0.36,
        "n_treated": 2679,
        "n_ctrl": 15288,
        "n_pred": 15288
      }
    }
  },
  "CPA_M2_scGPT_ctrl": {
    "method": "CPA_M2_scGPT_ctrl",
    "legacy_space": "log1p",
    "eval_space": "log1p",
    "macro_avg": {
      "pearson": 0.9375808881376204,
      "mse": 0.006383711450060418,
      "r2score": 0.8224107469655838,
      "pearson_delta": 0.2623146782669551,
      "pearson_de": -0.08345417132759061,
      "mse_de": 9.496563007308607e-05,
      "r2score_de": -486.66550287089865,
      "pearson_delta_de": 0.11089143251919276,
      "sinkhorn_de": 0.49354785680770874,
      "direction_accuracy_de": 0.44,
      "n_treated": 2679,
      "n_ctrl": 15288,
      "n_pred": 15288
    },
    "per_group": {
      "PW034_Panobinostat": {
        "pearson": 0.9375808881376204,
        "mse": 0.006383711450060418,
        "r2score": 0.8224107469655838,
        "pearson_delta": 0.2623146782669551,
        "pearson_de": -0.08345417132759061,
        "mse_de": 9.496563007308607e-05,
        "r2score_de": -486.66550287089865,
        "pearson_delta_de": 0.11089143251919276,
        "sinkhorn_de": 0.49354785680770874,
        "direction_accuracy_de": 0.44,
        "n_treated": 2679,
        "n_ctrl": 15288,
        "n_pred": 15288
      }
    }
  },
  "CPA_M3_scGPT_pert": {
    "method": "CPA_M3_scGPT_pert",
    "legacy_space": "log1p",
    "eval_space": "log1p",
    "macro_avg": {
      "pearson": 0.8942565355029526,
      "mse": 0.01021751876357176,
      "r2score": 0.715757590348062,
      "pearson_delta": 0.4408793115430349,
      "pearson_de": -0.14294645734989536,
      "mse_de": 0.00018126609930367213,
      "r2score_de": -929.8338543359374,
      "pearson_delta_de": 0.027006917710548833,
      "sinkhorn_de": 0.5010174512863159,
      "direction_accuracy_de": 0.46,
      "n_treated": 2679,
      "n_ctrl": 15288,
      "n_pred": 15288
    },
    "per_group": {
      "PW034_Panobinostat": {
        "pearson": 0.8942565355029526,
        "mse": 0.01021751876357176,
        "r2score": 0.715757590348062,
        "pearson_delta": 0.4408793115430349,
        "pearson_de": -0.14294645734989536,
        "mse_de": 0.00018126609930367213,
        "r2score_de": -929.8338543359374,
        "pearson_delta_de": 0.027006917710548833,
        "sinkhorn_de": 0.5010174512863159,
        "direction_accuracy_de": 0.46,
        "n_treated": 2679,
        "n_ctrl": 15288,
        "n_pred": 15288
      }
    }
  },
  "CPA_M5_scGPT_MolFormer": {
    "method": "CPA_M5_scGPT_MolFormer",
    "legacy_space": "log1p",
    "eval_space": "log1p",
    "macro_avg": {
      "pearson": 0.919721572284064,
      "mse": 0.009067605847775821,
      "r2score": 0.7477471590133085,
      "pearson_delta": -0.10591670925037454,
      "pearson_de": -0.20377242408764196,
      "mse_de": 9.90577992407736e-05,
      "r2score_de": -507.67952376937836,
      "pearson_delta_de": 0.09765502458728828,
      "sinkhorn_de": 0.49472877383232117,
      "direction_accuracy_de": 0.44,
      "n_treated": 2679,
      "n_ctrl": 15288,
      "n_pred": 15288
    },
    "per_group": {
      "PW034_Panobinostat": {
        "pearson": 0.919721572284064,
        "mse": 0.009067605847775821,
        "r2score": 0.7477471590133085,
        "pearson_delta": -0.10591670925037454,
        "pearson_de": -0.20377242408764196,
        "mse_de": 9.90577992407736e-05,
        "r2score_de": -507.67952376937836,
        "pearson_delta_de": 0.09765502458728828,
        "sinkhorn_de": 0.49472877383232117,
        "direction_accuracy_de": 0.44,
        "n_treated": 2679,
        "n_ctrl": 15288,
        "n_pred": 15288
      }
    }
  },
  "MeanShiftBaseline": {
    "method": "MeanShiftBaseline",
    "legacy_space": "log1p",
    "eval_space": "log1p",
    "macro_avg": {
      "pearson": 0.9422562020022425,
      "mse": 0.006461249830005947,
      "r2score": 0.8202536972486992,
      "pearson_delta": 0.3764119122155881,
      "pearson_de": -0.25156878327169696,
      "mse_de": 5.402514973307669e-05,
      "r2score_de": -276.4288107390038,
      "pearson_delta_de": -0.46765926255313,
      "sinkhorn_de": 0.5003659129142761,
      "direction_accuracy_de": 0.2,
      "n_treated": 2679,
      "n_ctrl": 15288,
      "n_pred": 2679
    },
    "per_group": {
      "PW034_Panobinostat": {
        "pearson": 0.9422562020022425,
        "mse": 0.006461249830005947,
        "r2score": 0.8202536972486992,
        "pearson_delta": 0.3764119122155881,
        "pearson_de": -0.25156878327169696,
        "mse_de": 5.402514973307669e-05,
        "r2score_de": -276.4288107390038,