{
  "method": "CPA_M5_scGPT_MolFormer",
  "legacy_space": "log1p",
  "eval_space": "log1p",
  "macro_avg": {
    "pearson": 0.919721572284064,
    "mse": 0.009067605847775821,
    "r2score": 0.7477471590133085,
    "pearson_delta": -0.10591670925037454,
    "pearson_de": -0.20377242408764196,
    "mse_de": 9.90577992407736e-05,
    "r2score_de": -507.67952376937836,
    "pearson_delta_de": 0.09765502458728828,
    "sinkhorn_de": 0.49472877383232117,
    "direction_accuracy_de": 0.44,
    "n_treated": 2679,
    "n_ctrl": 15288,
    "n_pred": 15288
  },
  "per_group": {
    "PW034_Panobinostat": {
      "pearson": 0.919721572284064,
      "mse": 0.009067605847775821,
      "r2score": 0.7477471590133085,
      "pearson_delta": -0.10591670925037454,
      "pearson_de": -0.20377242408764196,
      "mse_de": 9.90577992407736e-05,
      "r2score_de": -507.67952376937836,
      "pearson_delta_de": 0.09765502458728828,
      "sinkhorn_de": 0.49472877383232117,
      "direction_accuracy_de": 0.44,
      "n_treated": 2679,
      "n_ctrl": 15288,
      "n_pred": 15288
    }
  }
}