{
  "method": "CPA_M0",
  "legacy_space": "counts",
  "eval_space": "log1p",
  "macro_avg": {
    "pearson": 0.9367062208475323,
    "mse": 0.005882460957497895,
    "r2score": 0.8363550959941523,
    "pearson_delta": 0.5358626551361255,
    "pearson_de": -0.36679221858598016,
    "mse_de": 3.7073952120747658e-06,
    "r2score_de": -18.03813778780997,
    "pearson_delta_de": 0.6272315740726734,
    "sinkhorn_de": 0.4890958070755005,
    "direction_accuracy_de": 0.96,
    "n_treated": 2679,
    "n_ctrl": 15288,
    "n_pred": 15288
  },
  "per_group": {
    "PW034_Panobinostat": {
      "pearson": 0.9367062208475323,
      "mse": 0.005882460957497895,
      "r2score": 0.8363550959941523,
      "pearson_delta": 0.5358626551361255,
      "pearson_de": -0.36679221858598016,
      "mse_de": 3.7073952120747658e-06,
      "r2score_de": -18.03813778780997,
      "pearson_delta_de": 0.6272315740726734,
      "sinkhorn_de": 0.4890958070755005,
      "direction_accuracy_de": 0.96,
      "n_treated": 2679,
      "n_ctrl": 15288,
      "n_pred": 15288
    }
  }
}