{
  "method": "CPA_M0",
  "setting": "ood",
  "macro_avg": {
    "r2score": 0.0,
    "r2score_de": 0.0,
    "pearson": 0.8612510561943054,
    "pearson_de": 0.0,
    "mse": 0.1735038012266159,
    "mse_de": 3.823819952231133e-06,
    "pearson_delta": 0.0,
    "pearson_delta_de": 0.608354389667511,
    "sinkhorn_de": 0.004324944224208593,
    "n_valid_groups": 1,
    "skipped": {
      "treated_too_few": 0,
      "dmso_control": 0,
      "deg_missing": 0,
      "deg_too_few": 0,
      "ctrl_too_few": 0
    }
  },
  "per_group": {
    "PW034_Panobinostat": {
      "r2score": 0.0,
      "r2score_de": 0.0,
      "pearson": 0.8612510561943054,
      "pearson_de": 0,
      "mse": 0.1735038012266159,
      "mse_de": 3.823819952231133e-06,
      "pearson_delta": 0,
      "pearson_delta_de": 0.608354389667511,
      "sinkhorn_de": 0.004324944224208593,
      "n_treated": 2679,
      "n_ctrl": 15288,
      "n_pred": 15288
    }
  }
}