{
  "method": "CPA_M2_scGPT_ctrl",
  "setting": "ood",
  "macro_avg": {
    "r2score": 0.8224106431007385,
    "r2score_de": 0.0,
    "pearson": 0.9375808238983154,
    "pearson_de": 0.0,
    "mse": 0.006383716128766537,
    "mse_de": 9.496559505350888e-05,
    "pearson_delta": 0.26231420040130615,
    "pearson_delta_de": 0.11089151352643967,
    "sinkhorn_de": 0.006464216858148575,
    "n_valid_groups": 1,
    "skipped": {
      "treated_too_few": 0,
      "dmso_control": 0,
      "deg_missing": 0,
      "deg_too_few": 0,
      "ctrl_too_few": 0
    }
  },
  "per_group": {
    "PW034_Panobinostat": {
      "r2score": 0.8224106431007385,
      "r2score_de": 0.0,
      "pearson": 0.9375808238983154,
      "pearson_de": 0,
      "mse": 0.006383716128766537,
      "mse_de": 9.496559505350888e-05,
      "pearson_delta": 0.26231420040130615,
      "pearson_delta_de": 0.11089151352643967,
      "sinkhorn_de": 0.006464216858148575,
      "n_treated": 2679,
      "n_ctrl": 15288,
      "n_pred": 15288
    }
  }
}