{
  "method": "MeanShiftBaseline",
  "setting": "ood",
  "macro_avg": {
    "r2score": 0.8202537298202515,
    "r2score_de": 0.0,
    "pearson": 0.9422560334205627,
    "pearson_de": 0.0,
    "mse": 0.006461251061409712,
    "mse_de": 5.402354145189747e-05,
    "pearson_delta": 0.376411110162735,
    "pearson_delta_de": 0.0,
    "sinkhorn_de": 0.1901409924030304,
    "n_valid_groups": 1,
    "skipped": {
      "treated_too_few": 0,
      "dmso_control": 0,
      "deg_missing": 0,
      "deg_too_few": 0,
      "ctrl_too_few": 0
    }
  },
  "per_group": {
    "PW034_Panobinostat": {
      "r2score": 0.8202537298202515,
      "r2score_de": 0.0,
      "pearson": 0.9422560334205627,
      "pearson_de": 0,
      "mse": 0.006461251061409712,
      "mse_de": 5.402354145189747e-05,
      "pearson_delta": 0.376411110162735,
      "pearson_delta_de": 0,
      "sinkhorn_de": 0.1901409924030304,
      "n_treated": 2679,
      "n_ctrl": 15288,
      "n_pred": 2679
    }
  }
}