{
  "method": "MLP_M1",
  "setting": "ood",
  "macro_avg": {
    "r2score": 0.8590209484100342,
    "r2score_de": 0.0,
    "pearson": 0.9463527798652649,
    "pearson_de": 0.0,
    "mse": 0.005067703314125538,
    "mse_de": 0.00020402060181368142,
    "pearson_delta": 0.5456433892250061,
    "pearson_delta_de": 0.018419578671455383,
    "sinkhorn_de": 0.011920266784727573,
    "n_valid_groups": 1,
    "skipped": {
      "treated_too_few": 0,
      "dmso_control": 0,
      "deg_missing": 0,
      "deg_too_few": 0,
      "ctrl_too_few": 0
    }
  },
  "per_group": {
    "PW034_Panobinostat": {
      "r2score": 0.8590209484100342,
      "r2score_de": 0.0,
      "pearson": 0.9463527798652649,
      "pearson_de": 0,
      "mse": 0.005067703314125538,
      "mse_de": 0.00020402060181368142,
      "pearson_delta": 0.5456433892250061,
      "pearson_delta_de": 0.018419578671455383,
      "sinkhorn_de": 0.011920266784727573,
      "n_treated": 2679,
      "n_ctrl": 15288,
      "n_pred": 15288
    }
  }
}