{
  "ood": {
    "macro_avg": {
      "r2score": 0.8587124347686768,
      "r2score_de": 0.22061022845181552,
      "pearson": 0.9292689561843872,
      "pearson_de": 0.5227955397847411,
      "mse": 0.011418133103228235,
      "mse_de": 0.04147402925512076,
      "pearson_delta": 0.1751161642832222,
      "pearson_delta_de": 0.18860055541305185,
      "sinkhorn_de": 1.2303674407303333,
      "n_valid_groups": 154,
      "skipped": {
        "treated_too_few": 2,
        "dmso_control": 2,
        "deg_missing": 0,
        "deg_too_few": 0,
        "ctrl_too_few": 0,
        "no_pred": 0
      }
    }
  },
  "test": {
    "macro_avg": {
      "r2score": 0.9960224628448486,
      "r2score_de": 0.949951763058598,
      "pearson": 0.9984540343284607,
      "pearson_de": 0.9845791459083557,
      "mse": 0.00024848071282180265,
      "mse_de": 0.004749537630878836,
      "pearson_delta": 0.8180005388868439,
      "pearson_delta_de": 0.8397418507190295,
      "sinkhorn_de": 0.2814379512866425,
      "n_valid_groups": 429,
      "skipped": {
        "treated_too_few": 14,
        "dmso_control": 4,
        "deg_missing": 0,
        "deg_too_few": 0,
        "ctrl_too_few": 0,
        "no_pred": 0
      }
    }
  }
}