{
  "ood": {
    "macro_avg": {
      "r2score": 0.8435694575309753,
      "r2score_de": 0.21049555555566565,
      "pearson": 0.9215799570083618,
      "pearson_de": 0.5544961076260049,
      "mse": 0.012470801844709105,
      "mse_de": 0.04466751459214909,
      "pearson_delta": 0.14195248030742944,
      "pearson_delta_de": 0.2190064400689247,
      "sinkhorn_de": 1.2931512939175227,
      "n_valid_groups": 154,
      "skipped": {
        "treated_too_few": 2,
        "dmso_control": 2,
        "deg_missing": 0,
        "deg_too_few": 0,
        "ctrl_too_few": 0,
        "no_pred": 0
      }
    }
  },
  "test": {
    "macro_avg": {
      "r2score": 0.9944835305213928,
      "r2score_de": 0.902472903122713,
      "pearson": 0.997825562953949,
      "pearson_de": 0.9759572744369507,
      "mse": 0.0003438389643917939,
      "mse_de": 0.008172294046776156,
      "pearson_delta": 0.7720404311749728,
      "pearson_delta_de": 0.8126789082977639,
      "sinkhorn_de": 0.41315602129439244,
      "n_valid_groups": 429,
      "skipped": {
        "treated_too_few": 14,
        "dmso_control": 4,
        "deg_missing": 0,
        "deg_too_few": 0,
        "ctrl_too_few": 0,
        "no_pred": 0
      }
    }
  }
}