{
  "method": "CPA_M1_scGPT",
  "setting": "ood",
  "macro_avg": {
    "r2score": 0.7768068313598633,
    "r2score_de": 0.0,
    "pearson": 0.9204767346382141,
    "pearson_de": 0.0,
    "mse": 0.008023013360798359,
    "mse_de": 6.087032670620829e-05,
    "pearson_delta": 0.0,
    "pearson_delta_de": 0.10283578187227249,
    "sinkhorn_de": 0.005636605434119701,
    "n_valid_groups": 1,
    "skipped": {
      "treated_too_few": 0,
      "dmso_control": 0,
      "deg_missing": 0,
      "deg_too_few": 0,
      "ctrl_too_few": 0
    }
  },
  "per_group": {
    "PW034_Panobinostat": {
      "r2score": 0.7768068313598633,
      "r2score_de": 0.0,
      "pearson": 0.9204767346382141,
      "pearson_de": 0,
      "mse": 0.008023013360798359,
      "mse_de": 6.087032670620829e-05,
      "pearson_delta": 0,
      "pearson_delta_de": 0.10283578187227249,
      "sinkhorn_de": 0.005636605434119701,
      "n_treated": 2679,
      "n_ctrl": 15288,
      "n_pred": 15288
    }
  }
}