{
  "method": "CPA_M4_MolFormer",
  "setting": "ood",
  "macro_avg": {
    "r2score": 0.0,
    "r2score_de": 0.0,
    "pearson": 0.8621910810470581,
    "pearson_de": 0.0,
    "mse": 0.16949547827243805,
    "mse_de": 3.886400463670725e-06,
    "pearson_delta": 0.0,
    "pearson_delta_de": 0.693359375,
    "sinkhorn_de": 0.004428834654390812,
    "n_valid_groups": 1,
    "skipped": {
      "treated_too_few": 0,
      "dmso_control": 0,
      "deg_missing": 0,
      "deg_too_few": 0,
      "ctrl_too_few": 0
    }
  },
  "per_group": {
    "PW034_Panobinostat": {
      "r2score": 0.0,
      "r2score_de": 0.0,
      "pearson": 0.8621910810470581,
      "pearson_de": 0,
      "mse": 0.16949547827243805,
      "mse_de": 3.886400463670725e-06,
      "pearson_delta": 0,
      "pearson_delta_de": 0.693359375,
      "sinkhorn_de": 0.004428834654390812,
      "n_treated": 2679,
      "n_ctrl": 15288,
      "n_pred": 15288
    }
  }
}