{
  "method": "MLP_M5",
  "setting": "ood",
  "macro_avg": {
    "r2score": 0.8363908529281616,
    "r2score_de": 0.0,
    "pearson": 0.9328193664550781,
    "pearson_de": 0.0,
    "mse": 0.005881177727133036,
    "mse_de": 0.00019830350356642157,
    "pearson_delta": 0.5765090584754944,
    "pearson_delta_de": 0.0,
    "sinkhorn_de": 0.013198589906096458,
    "n_valid_groups": 1,
    "skipped": {
      "treated_too_few": 0,
      "dmso_control": 0,
      "deg_missing": 0,
      "deg_too_few": 0,
      "ctrl_too_few": 0
    }
  },
  "per_group": {
    "PW034_Panobinostat": {
      "r2score": 0.8363908529281616,
      "r2score_de": 0.0,
      "pearson": 0.9328193664550781,
      "pearson_de": 0,
      "mse": 0.005881177727133036,
      "mse_de": 0.00019830350356642157,
      "pearson_delta": 0.5765090584754944,
      "pearson_delta_de": 0,
      "sinkhorn_de": 0.013198589906096458,
      "n_treated": 2679,
      "n_ctrl": 15288,
      "n_pred": 15288
    }
  }
}